id,Latitude,Longitude
0,-5.264639,43.309981
1,0.868238,42.006201
2,-6.643802,39.153979
3,-5.537012,37.396385
4,-2.283102,42.057542
5,-6.071032,39.930242
6,-3.394564,37.864684
7,-7.584436,43.404614
8,-5.889492,43.409102
9,-8.000415,42.671406
10,-6.152614,36.555212
11,-2.685206,38.119569
12,-3.744073,37.818762
13,-8.788568,42.320252
14,-1.283622,41.135981
15,-6.829430,39.565392
16,-7.419377,37.308303
17,-0.265536,39.895393
18,0.141809,40.244337
19,-2.459285,42.939247
20,-6.136441,39.837915
21,-1.304204,39.109714
22,-6.989249,37.393182
23,-4.161538,38.123999
24,-1.831037,42.527029
25,-5.821749,37.534111
26,0.292114,40.383341
27,-2.790286,41.366165
28,-7.287515,43.553107
29,-2.093228,39.111303
30,-5.129804,37.760483
31,0.004088,40.259956
32,-3.443024,42.365926
33,-4.120656,42.599968
34,-1.185773,37.585745
35,-0.896219,42.235117
36,-6.145576,39.286683
37,-1.205962,37.711966
38,-6.360721,37.656296
39,-4.757389,42.251057
40,-6.314092,40.348150
41,-1.728118,37.906000
42,-1.161023,40.641584
43,-5.017133,42.045277
44,-3.253571,42.098076
45,-5.814113,37.427268
46,-1.511749,41.190168
47,1.921847,41.367805
48,-7.861912,42.282126
49,-4.779817,40.408490
50,-6.051540,42.414954
51,-3.104739,41.161701
52,-3.385039,42.716218
53,-7.069750,39.370615
54,0.938407,41.789490
55,-3.877220,41.915952
56,-5.193273,40.724999
57,-11.165744,34.863944
58,-1.741214,39.883635
59,-6.096777,36.914576
60,-0.688217,39.986056
61,-5.475002,40.971596
62,-7.295211,37.474331
63,-6.783210,42.165573
64,-4.840070,42.815182
65,-2.486112,42.761797
66,-8.223151,42.480490
67,-4.107771,42.920904
68,1.260032,41.486078
69,-0.403936,42.474877
70,-12.780901,34.145723
71,-7.947833,42.196924
72,-2.405233,39.223255
73,-2.333065,39.185620
74,-8.577564,42.950752
75,-4.269560,42.510223
76,-1.223521,39.915306
77,0.325024,40.847791
78,-1.230445,41.139211
79,-0.950633,40.096682
80,-5.902869,42.513739
81,-5.702244,39.494787
82,-1.867402,38.025560
83,-5.728954,36.298767
84,-3.676095,38.841219
85,-2.896570,41.099243
86,-2.568992,40.495599
87,-2.974726,42.975621
88,-5.181857,42.693871
89,-3.683856,37.698174
90,-4.221938,37.021365
91,-4.667973,40.825489
92,0.067655,41.638387
93,-8.661549,42.249317
94,-0.721341,38.196558
95,-5.872209,41.305247
96,-0.471677,41.217605
97,-5.376294,38.507499
98,-8.004332,43.248899
99,-6.238513,40.034445
100,-8.659756,42.068959
101,0.207410,42.645668
102,-3.300785,41.092977
103,-5.203087,38.515185
104,-8.911755,34.842774
105,-7.309352,42.428742
106,-7.394689,43.014408
107,-3.039771,42.929578
108,-5.399392,38.944111
109,-5.188510,36.543883
110,-2.455279,38.949439
111,-5.310158,39.000351
112,-5.208141,37.029085
113,-3.427107,38.742790
114,-3.997258,41.754783
115,-0.004228,42.483917
116,-0.581211,38.357149
117,-4.261759,39.457363
118,-8.310508,42.455963
119,-1.661033,39.173882
120,-3.031154,40.247331
121,-8.741552,34.975850
122,-3.230343,39.594795
123,-6.658288,39.820142
124,-3.451138,43.195955
125,-3.441250,36.900365
126,-2.300475,40.101208
127,-5.899608,37.942232
128,-1.304437,41.440458
129,-1.253045,38.145875
130,-7.513340,42.698836
131,-6.104403,41.021619
132,-8.275675,42.605227
133,-3.709270,40.213687
134,1.267903,41.946229
135,-1.016039,39.066030
136,-5.075373,42.373790
137,-1.655727,39.337367
138,-6.268084,39.837448
139,-1.150812,38.771829
140,-8.115161,43.082074
141,-3.441779,42.456466
142,-1.685204,42.772226
143,-6.547142,38.236442
144,-1.484927,40.713316
145,-2.552805,38.422945
146,-4.938497,38.307570
147,-2.340003,42.073655
148,-1.274443,38.556354
149,-1.237879,39.458076
150,-4.587766,37.663886
151,-0.391820,39.674421
152,-3.067128,39.154191
153,-1.915767,40.194150
154,-5.041645,42.661111
155,-6.882880,42.408875
156,0.234365,41.794407
157,-3.617545,38.623781
158,-1.305927,38.989006
159,-3.033464,39.806350
160,-7.870370,42.137723
161,-2.610907,36.928148
162,-2.342648,37.360031
163,-3.120942,37.261517
164,-8.701689,42.910468
165,-2.815189,42.370210
166,-5.636860,43.298301
167,-3.683443,43.277309
168,0.009616,40.032332
169,-0.367674,41.724442
170,-4.097845,39.948425
171,-7.182177,43.133804
172,0.031445,41.819401
173,-3.638339,42.242751
174,-4.371872,39.613787
175,-0.664000,41.051913
176,-6.436166,38.636101
177,-3.991081,41.135129
178,-1.036698,37.839448
179,-6.732460,37.454376
180,-7.068993,38.311214
181,-4.474883,40.515572
182,-6.392227,41.918690
183,-1.025327,38.411047
184,-8.149290,42.745122
185,-1.039862,39.921062
186,-5.168121,42.888861
187,-2.158234,42.632770
188,-2.073175,39.654166
189,-5.633000,36.344754
190,-1.378464,42.059823
191,-0.541926,42.671131
192,-1.720023,42.323195
193,-6.382357,40.879762
194,-2.658228,41.569194
195,-5.816713,41.547965
196,-4.542263,40.608127
197,0.001389,41.731724
198,-3.574146,38.050105
199,-3.991774,43.137380
200,-5.085145,38.499837
201,-3.151170,41.735823
202,-3.849995,37.629582
203,-6.216166,41.786061
204,-4.101358,40.534673
205,-0.592438,38.540195
206,-3.878655,42.119821
207,-2.817571,38.315158
208,-6.872553,43.485039
209,-1.759811,40.302286
210,-3.176832,42.431610
211,-6.362478,36.999908
212,-3.826667,41.586661
213,-1.555084,41.782560
214,-3.352795,39.828407
215,-0.303332,42.593906
216,-1.834512,39.364338
217,-3.100098,42.623682
218,-1.478512,41.691515
219,1.353415,41.814616
220,-4.301529,42.864961
221,-1.570095,38.860456
222,-5.710702,39.661135
223,-7.006529,43.019228
224,-5.183122,41.490748
225,0.028017,40.893948
226,-3.357320,43.356798
227,-4.683383,36.819982
228,-4.166004,41.809943
229,-1.390089,39.058988
230,-3.005926,39.079821
231,-8.311911,43.033459
232,-5.131502,43.246593
233,-4.535295,40.706353
234,-2.881616,40.972729
235,-6.380332,41.675422
236,-4.616887,42.431648
237,-6.577221,39.883119
238,-4.171886,41.543711
239,-0.672295,42.717492
240,-3.744525,38.103798
241,-3.451847,41.593018
242,-2.407710,37.442122
243,-1.867491,41.586322
244,-1.672042,42.735071
245,-5.542034,43.209999
246,0.666773,41.136147
247,-4.080956,37.573782
248,-6.688527,41.175363
249,-1.085591,41.565543
250,-2.001496,41.866936
251,-3.178974,40.129933
252,-1.818371,39.620765
253,-3.171313,42.640790
254,-3.720076,36.872520
255,-10.386523,34.470678
256,-3.372860,42.630983
257,-0.514299,41.891906
258,-8.392928,42.607140
259,-2.289233,42.318217
260,-4.908216,38.837481
261,-4.380030,37.916137
262,-1.597565,41.806235
263,3.020540,39.820834
264,-3.592361,39.849853
265,-3.431032,38.233556
266,-3.063863,39.813334
267,-3.336904,42.149153
268,-8.156378,43.455939
269,-0.951977,40.087394
270,-2.658790,40.918158
271,-3.698473,40.782022
272,2.699647,39.615233
273,-5.199827,41.789625
274,-2.326538,42.699851
275,-4.431884,37.894581
276,-4.554073,42.064750
277,-2.258498,37.510295
278,-2.918568,38.486653
279,-6.947572,37.306639
280,-4.934501,41.498632
281,-2.752340,38.267160
282,-1.952854,40.239844
283,0.510450,41.925070
284,-0.657085,40.578884
285,-5.395891,39.036527
286,-2.351092,42.479566
287,-5.955844,40.237435
288,-12.732816,35.153556
289,-2.690542,37.136522
290,-4.699605,39.252474
291,-6.798248,39.716836
292,-3.129583,42.737769
293,-8.322185,42.522136
294,-0.272609,42.637744
295,-1.039244,42.487962
296,-6.222639,41.903460
297,-2.423842,41.092749
298,-7.514240,43.341745
299,-0.217761,42.756371
300,-3.059042,41.680584
301,-6.812899,40.468372
302,-6.160370,43.190101
303,-2.883666,39.787940
304,-5.359808,40.181131
305,-5.454686,42.846665
306,-6.832321,42.670001
307,-4.883508,42.827795
308,-4.507472,38.049116
309,-4.988463,40.248501
310,-2.593044,39.639709
311,-10.482816,34.278580
312,-5.196013,36.568369
313,-1.374285,41.919093
314,-4.936287,38.090610
315,-3.219944,37.417858
316,-5.900668,40.984695
317,-0.010164,41.903982
318,-3.845615,42.712052
319,-4.124273,41.119620
320,-3.038603,42.746412
321,-1.094103,39.981536
322,-1.871675,37.228917
323,-6.626743,39.305456
324,3.086513,39.347040
325,-2.572496,39.052197
326,-2.245967,37.403201
327,-1.562300,41.943211
328,-8.878841,42.789231
329,0.365170,41.327113
330,-4.886491,41.001359
331,-6.951664,39.790901
332,-3.311621,38.713050
333,-3.077042,40.560408
334,0.878084,42.300330
335,-7.438746,37.613259
336,-6.224068,40.852818
337,-2.931242,40.832852
338,-5.571592,43.464725
339,-0.590470,39.352205
340,-1.408162,38.639000
341,-4.470278,40.764539
342,-4.501608,41.187425
343,-5.120333,42.746347
344,-3.797486,40.086938
345,-2.439535,42.476604
346,-1.167816,42.894417
347,-6.011774,37.849612
348,-6.162808,38.361388
349,-6.085684,41.235087
350,-6.298247,39.530937
351,-1.249410,41.562134
352,-6.871295,43.490872
353,-1.071239,41.900470
354,-3.352213,38.854690
355,-6.248918,41.803110
356,-2.351188,40.935625
357,-5.409443,36.201793
358,-3.380782,39.500602
359,-2.327505,42.819764
360,-6.046507,43.492835
361,-4.152866,39.927901
362,-1.357377,38.927426
363,-4.690868,43.183351
364,-1.018919,38.837685
365,-2.954070,42.779581
366,-3.763178,38.509860
367,-6.279177,38.916889
368,2.609130,41.619491
369,-6.820562,38.130281
370,-5.457068,36.760600
371,-3.221953,36.925990
372,-6.574690,42.688552
373,-2.267242,41.581668
374,-5.653970,37.455213
375,-2.706520,37.094074
376,-2.000592,38.053287
377,-6.470192,42.598551
378,-5.494113,40.218474
379,-7.526123,42.342232
380,-3.519098,39.299282
381,2.191135,41.557148
382,-4.305892,38.890210
383,-5.160552,40.629080
384,-1.420851,40.199725
385,-2.406544,37.842879
386,1.941731,42.122785
387,-3.923038,42.928761
388,-5.933910,36.871451
389,-4.648719,41.162854
390,-1.688234,42.644199
391,-6.427877,43.137338
392,-2.062432,41.095946
393,-1.080508,41.206865
394,-6.809126,42.865193
395,-2.196906,39.293928
396,-6.991233,43.520620
397,-8.400292,42.300167
398,-2.335046,40.191086
399,-1.921903,40.396156
400,-5.768368,36.777679
401,-3.630892,41.845518
402,-3.837127,41.706104
403,-3.394565,43.362766
404,-3.893829,42.288381
405,-1.111102,40.292588
406,-1.691318,38.705227
407,-1.515117,40.354548
408,0.707045,42.613565
409,-1.673557,41.873854
410,-7.346260,37.364480
411,-3.839535,41.451769
412,-2.462331,40.735677
413,-4.599263,40.240643
414,-6.641733,39.205535
415,0.325739,41.361715
416,-4.315724,39.756080
417,-0.796568,39.636706
418,-6.343818,40.367929
419,-6.117373,42.879757
420,-7.125388,38.626398
421,-4.645390,39.153264
422,-4.270385,40.762042
423,-5.331791,42.112538
424,-6.728758,42.811769
425,-2.119329,40.408884
426,-5.135351,42.339194
427,-0.869018,39.227941
428,-6.331359,41.324611
429,-2.284278,42.433399
430,-1.262060,40.838273
431,-8.671682,35.226205
432,-6.280677,37.971629
433,-5.727372,40.737183
434,-4.964935,42.873941
435,-8.543476,42.828163
436,-6.337209,41.357444
437,-4.730708,42.777744
438,-5.894030,38.322772
439,-1.812053,37.771877
440,-2.860494,41.394576
441,-0.906474,38.088444
442,-3.970004,40.740777
443,-3.728168,37.338278
444,-7.708043,41.906242
445,-3.457539,43.112194
446,-6.009413,38.808549
447,-3.652793,36.956930
448,-5.273066,41.065360
449,-2.071704,39.103601
450,-1.530851,40.573220
451,0.043862,41.212776
452,-6.181130,42.464469
453,-6.933640,39.831540
454,0.031189,40.994912
455,-5.871281,37.682063
456,-4.887343,43.228453
457,0.092741,42.310530
458,-1.093040,37.853592
459,-1.950733,43.204943
460,-2.605206,39.554481
461,-11.228233,34.722815
462,-7.373220,39.614293
463,-3.715175,42.758931
464,-1.831223,39.387842
465,-3.790905,38.315885
466,-2.905758,39.805104
467,-5.451552,42.157926
468,-2.041664,38.050649
469,-8.861016,34.670383
470,-6.245659,38.501199
471,-4.265069,37.198074
472,-5.074553,37.474470
473,-6.476046,41.158454
474,-4.781295,39.425765
475,-6.347143,41.115466
476,-4.453058,37.814706
477,-2.219926,39.125259
478,-2.906692,38.482582
479,-5.217952,38.875468
480,-0.496425,39.879474
481,-2.969052,39.996614
482,-4.221413,39.548603
483,-1.277327,42.886513
484,-5.623420,38.965129
485,-3.172178,38.703364
486,0.780007,42.512248
487,0.531203,41.385719
488,-1.253717,40.373302
489,-6.007137,43.265521
490,-5.445761,42.511549
491,-4.771218,42.569883
492,-5.500259,41.088165
493,-1.770758,40.030934
494,-5.863708,37.646439
495,-1.964606,43.209471
496,-2.377173,41.458295
497,-6.477197,41.819505
498,-0.579938,41.374029
499,-3.912237,41.635833
500,-7.343768,37.677508
501,-1.745726,42.695932
502,-3.731078,37.393039
503,-7.252428,42.676400
504,-3.115410,41.169342
505,-4.128030,38.008992
506,-5.244562,42.913447
507,-1.947210,42.797815
508,-2.692919,39.191654
509,-4.889439,39.739716
510,-6.938167,42.458614
511,-1.944512,37.700357
512,-8.494715,43.311199
513,-2.540182,37.663906
514,-7.807158,43.622765
515,-0.487582,42.480734
516,-0.580032,42.734505
517,-5.784683,40.916982
518,-0.759931,39.194679
519,-0.740508,38.555858
520,-5.747888,36.391080
521,-2.349602,41.449079
522,-7.794820,42.937546
523,-4.581741,40.103904
524,-1.291074,40.267830
525,-4.438656,40.631495
526,-5.196482,39.097971
527,-6.019818,41.677103
528,-1.556894,41.604609
529,-0.789966,41.752051
530,-5.841233,43.012231
531,-6.223448,40.001200
532,-5.297011,38.547259
533,-2.751656,42.457646
534,-4.848725,39.967533
535,-4.069587,37.893630
536,-3.319055,39.828027
537,-2.208214,42.874783
538,-6.903874,39.658992
539,-0.802723,38.632955
540,-4.101928,41.227647
541,-0.298621,42.138914
542,-6.102738,40.613163
543,-8.896165,42.724608
544,-5.913126,39.628047
545,-6.247987,40.708211
546,-6.334823,39.609257
547,0.739249,42.082481
548,-1.263145,37.646255
549,-10.622453,34.278967
550,-3.833690,42.062933
551,-6.863919,39.899509
552,-5.775810,38.922654
553,-5.362073,42.230058
554,-3.916040,42.358288
555,-4.689756,37.020349
556,-1.992241,39.573354
557,-3.797720,41.012279
558,4.143664,40.048648
559,-2.336749,43.076098
560,-6.773235,40.284729
561,-5.159001,39.137522
562,-6.638198,38.801103
563,-2.421348,42.755922
564,-2.057722,38.368561
565,-2.450322,39.692616
566,-4.751427,41.839273
567,-5.132014,38.445503
568,-6.077553,40.807878
569,-1.433888,39.619304
570,-6.903261,37.386609
571,-5.361520,38.014086
572,-2.538202,37.651019
573,-6.088928,39.158145
574,1.297790,41.945071
575,-4.986017,38.330759
576,-2.949907,37.812779
577,-1.062593,39.728232
578,-5.775683,43.387301
579,-1.771136,41.989520
580,-7.794945,42.847799
581,-5.501082,36.085308
582,-6.747947,38.854400
583,-4.938388,40.983352
584,-6.079838,39.775195
585,-6.890858,39.880675
586,-1.978551,40.981675
587,-6.696727,39.816188
588,-6.742277,40.016168
589,-5.027377,42.430149
590,-5.457482,38.643869
591,-7.356620,42.566624
592,0.598714,42.305631
593,-4.007133,40.494080
594,-5.069692,41.162935
595,-5.190894,42.526939
596,-4.887977,36.807716
597,-3.802571,37.075110
598,-0.664245,38.926749
599,-4.900481,37.700226
600,-0.699704,41.011629
601,-3.315081,41.275972
602,-2.500953,38.788172
603,-2.420573,42.453776
604,-4.068520,36.848465
605,-6.824380,40.222232
606,-4.487191,37.319872
607,1.710135,42.001514
608,-5.633266,42.835044
609,-3.169533,37.240807
610,-0.807387,40.612149
611,-4.492285,37.648632
612,-1.885380,37.806086
613,-3.139433,38.371796
614,-7.349961,37.684184
615,-5.902230,41.714711
616,0.145564,41.127694
617,-0.298021,39.867215
618,-3.575732,42.809414
619,-6.792073,37.347698
620,-4.262934,41.227309
621,-6.057586,38.913970
622,2.484301,41.599602
623,0.589059,41.385373
624,-5.594846,41.371685
625,2.381826,41.756785
626,-4.748565,38.541725
627,-5.475873,42.208835
628,-1.651267,38.494092
629,-7.143815,39.456535
630,2.668534,41.708602
631,-5.657750,43.483529
632,-3.973279,37.441062
633,-2.623240,38.300374
634,-1.478417,37.480294
635,-0.425600,41.074238
636,-3.737113,39.980166
637,-2.402615,39.703863
638,-3.767803,38.435162
639,-5.592916,36.296871
640,-6.322213,41.057033
641,-5.358889,36.356236
642,-4.830607,36.510710
643,1.972755,42.005890
644,2.785635,41.745031
645,2.511855,41.720235
646,-3.186877,41.014248
647,-5.408215,38.485632
648,-5.937642,36.836797
649,-3.494990,41.251535
650,-1.819969,37.257913
651,-1.133737,39.386240
652,-4.177685,43.388066
653,-3.460586,39.036307
654,3.125449,39.698488
655,-5.742576,38.934686
656,-2.745590,38.629433
657,-4.795852,40.684513
658,-2.312636,37.248838
659,-6.432469,39.101298
660,0.831345,41.958908
661,0.569142,41.395907
662,-6.463641,41.999265
663,-8.358566,42.652136
664,-3.056342,42.186160
665,-1.549223,38.112490
666,-2.011073,38.144814
667,-1.150241,38.754027
668,-3.365870,39.816587
669,-2.651203,39.467580
670,-4.789256,40.498113
671,-5.184601,40.740958
672,-5.624924,42.037961
673,-3.481109,38.839053
674,-6.077268,42.746835
675,-6.334483,38.957823
676,-3.174161,42.664914
677,-6.790091,43.310360
678,-4.989964,38.214137
679,-3.675847,37.998525
680,-2.092990,42.398274
681,-6.864774,38.877238
682,-0.185506,40.626809
683,-8.751590,35.016932
684,-3.966488,42.734410
685,-1.120359,42.323780
686,-2.943852,37.342492
687,-3.646005,43.036021
688,-0.796455,38.498561
689,-2.451215,41.513021
690,0.287561,40.830408
691,-4.163033,37.840234
692,-6.888851,42.868959
693,-1.833037,42.149371
694,-1.853641,38.088193
695,-6.528236,41.693838
696,-5.376279,43.201665
697,-0.179094,42.750957
698,-5.052947,37.526936
699,-4.166575,41.300599
700,-6.133621,38.729511
701,-5.023862,38.783654
702,-4.818739,41.104025
703,-2.074793,37.550864
704,-5.900336,38.074032
705,-0.748146,39.395642
706,-5.438035,41.387989
707,-5.463714,37.417469
708,-5.055840,41.786035
709,-2.519016,42.519474
710,-5.487820,41.553966
711,-8.125179,41.874734
712,-2.478338,37.902404
713,2.913032,42.269168
714,-4.011232,41.422275
715,-2.102195,41.600109
716,-8.281725,35.567847
717,1.036062,42.445986
718,-6.880456,38.307498
719,-0.846523,41.709204
720,2.162935,41.780241
721,-6.440315,43.517951
722,-2.705614,39.881076
723,0.609511,42.171367
724,-2.483794,42.647338
725,-7.290529,43.190142
726,0.362777,41.525111
727,-1.094465,41.175174
728,0.756513,41.074643
729,1.012216,42.264281
730,1.812891,41.629774
731,-5.392964,39.880712
732,-1.279930,39.848343
733,-4.085583,41.241420
734,-7.394005,43.410647
735,-3.378866,39.041997
736,-4.422344,38.705300
737,-6.033326,41.494160
738,-5.152027,39.453082
739,-2.775322,38.998540
740,-3.321535,38.269781
741,-1.984592,41.210197
742,-0.406395,38.610618
743,-8.476959,42.837975
744,-4.569222,39.123885
745,0.577855,41.658581
746,-8.239704,42.276528
747,-4.012318,41.735908
748,-3.602722,38.580758
749,-5.057343,43.084468
750,-4.910816,42.846731
751,1.431700,38.718176
752,-3.927268,39.526405
753,-4.813419,41.617108
754,-1.187583,40.675244
755,-2.411176,42.310654
756,-2.682654,41.402222
757,-2.576078,37.021586
758,-1.502793,40.893512
759,2.073773,41.583285
760,-5.414611,37.777797
761,-0.319302,38.896444
762,-4.208997,38.948529
763,-1.425595,40.771626
764,-1.631663,41.129426
765,-3.537397,43.310415
766,-6.731976,40.162605
767,-2.026834,42.417403
768,-5.634924,40.996154
769,-7.217594,42.602402
770,-2.127347,40.600187
771,-6.710505,43.260377
772,-1.629724,38.132315
773,-3.371515,40.004862
774,-1.641368,42.335962
775,-3.358654,39.851482
776,-6.931468,39.402864
777,-4.031619,38.032550
778,-6.387806,42.086828
779,-3.106799,42.137360
780,-4.035628,43.261622
781,-2.045279,38.508775
782,-4.369214,39.134210
783,-5.153328,38.418545
784,-1.888788,38.873326
785,-2.433718,38.442264
786,-4.219985,38.326124
787,-0.108460,40.247819
788,1.201666,41.913008
789,-4.774525,43.332051
790,-2.094521,39.563802
791,0.319928,40.772746
792,-3.287336,41.493530
793,-1.836598,42.775258
794,-0.409236,40.031484
795,-6.105274,39.648702
796,-6.542448,37.227383
797,-3.216948,37.626820
798,-5.148270,39.421043
799,-3.958361,42.179664
800,-5.540995,36.741738
801,-3.563012,42.107095
802,-11.533674,34.356816
803,-4.765102,40.061872
804,-5.213802,38.192147
805,-1.719726,41.022332
806,0.283903,40.637574
807,-5.634206,39.478516
808,-8.035209,42.506530
809,-1.571677,38.377946
810,-3.797431,39.408306
811,-2.051793,42.607663
812,-5.193849,36.912495
813,-6.787697,38.480318
814,-3.613006,42.939436
815,-1.347295,42.135584
816,-2.363538,43.116556
817,-2.774781,40.492030
818,-5.177896,38.814225
819,-4.709234,41.612375
820,-4.046270,36.840665
821,0.414068,40.567230
822,0.384209,41.343852
823,-6.788167,40.546880
824,-2.686467,40.977375
825,-2.675665,40.385386
826,-2.554873,42.423284
827,-0.090660,40.669528
828,-5.267189,40.826174
829,-6.233395,39.556407
830,0.731778,42.702711
831,-2.895413,38.497556
832,1.811986,42.041060
833,-7.657930,43.707660
834,-3.641371,37.309862
835,-8.773561,42.518241
836,-4.232192,37.414765
837,-5.182946,43.458275
838,-6.932296,38.791404
839,-6.357852,36.762571
840,-1.603338,39.456881
841,-11.464278,34.429355
842,2.042069,41.283738
843,-4.005624,37.180726
844,-1.319044,41.706486
845,0.368095,40.951124
846,-5.819152,38.549721
847,-5.207336,43.035796
848,-6.699361,40.913462
849,-4.425310,42.732343
850,-8.721314,42.982807
851,-4.883955,41.525332
852,-1.271314,39.230919
853,-6.223694,42.655294
854,-0.725149,41.358676
855,-3.668339,39.397474
856,-0.586771,38.857847
857,-2.403886,36.869472
858,0.787215,41.992319
859,-1.232791,42.411771
860,-6.588820,39.405261
861,-4.367943,39.532818
862,-4.112769,39.714915
863,-3.311128,41.628022
864,-2.061399,41.881996
865,-1.204839,37.726994
866,-3.239263,38.325106
867,-3.515147,40.594891
868,-5.584603,36.622515
869,-5.101071,40.960403
870,1.728572,41.480162
871,-1.610445,40.280196
872,-6.774650,40.271377
873,-0.894726,39.675975
874,-5.820125,39.151197
875,-2.247469,39.510041
876,-0.986211,37.866230
877,-4.584628,38.172189
878,2.453548,41.888691
879,-8.732612,42.831664
880,-4.227047,42.109560
881,2.057346,41.919817
882,-5.611817,38.368063
883,-1.019338,41.969134
884,-3.470712,41.781618
885,-6.928123,42.595132
886,-4.012142,37.468838
887,0.987769,42.461000
888,-4.337059,40.266832
889,-6.587546,38.236141
890,-2.660991,43.108025
891,-7.063415,37.850834
892,-6.219302,39.266877
893,-0.219412,39.069864
894,-1.969680,38.950304
895,-8.340802,42.610094
896,-0.918385,37.941353
897,-0.598357,40.613668
898,-4.254016,39.470675
899,-6.480365,37.362854
900,-6.466986,39.502458
901,-1.728082,41.704712
902,-5.896151,40.783007
903,-3.528140,37.406660
904,0.561827,41.736301
905,-1.017476,42.165904
906,-7.137426,39.359710
907,2.890616,42.251147
908,-1.468417,38.006110
909,0.565284,41.804313
910,-5.393739,36.570803
911,-0.789466,39.979347
912,1.251952,42.420269
913,-1.805682,40.775904
914,-5.058322,39.300322
915,-5.621116,36.066593
916,-4.687117,40.314695
917,0.286775,41.987919
918,-1.383469,38.329734
919,-1.542999,38.831878
920,-3.156703,36.780261
921,-3.121959,42.918471
922,-4.142486,37.646314
923,-4.329474,36.762996
924,-0.981812,40.346228
925,-4.028574,40.771130
926,-1.183703,39.482076
927,-5.103113,39.239641
928,-11.413149,34.562139
929,-3.213799,39.186168
930,-1.086425,39.376705
931,-2.578861,38.050531
932,0.734292,41.028861
933,-5.042673,40.562560
934,-2.488012,40.130327
935,-3.032643,42.518037
936,-3.274719,40.503013
937,-6.512616,37.867852
938,-4.049438,42.946578
939,-0.328288,38.495182
940,2.826665,39.444110
941,-3.429619,39.024550
942,-4.988244,40.018061
943,-7.429298,42.721927
944,-5.624809,36.776438
945,-4.824719,43.130183
946,-4.180262,42.098949
947,-2.092300,43.026860
948,-5.736396,37.567570
949,-8.327408,43.243803
950,-5.256571,40.670588
951,-3.536891,38.469778
952,-4.887582,37.142405
953,-8.853505,42.293351
954,-2.799357,40.186997
955,-3.510807,38.205926
956,-0.770645,39.427453
957,-0.795128,38.644660
958,-5.903438,37.015856
959,-3.846182,39.931313
960,-3.457395,39.418222
961,-4.916508,40.732684
962,-4.137504,37.589519
963,-2.972211,37.468175
964,-5.243661,42.782744
965,-1.687211,42.364724
966,-2.844027,38.629878
967,-3.334232,37.907064
968,-7.999116,42.092664
969,-6.911728,43.278407
970,-3.371255,36.936357
971,-0.995609,40.460387
972,-4.689972,39.540796
973,-2.377507,41.737558
974,-2.333834,39.649315
975,-4.453597,39.097844
976,-6.604012,40.514701
977,-6.604145,38.475638
978,-1.968845,38.663785
979,-0.631039,40.935485
980,-5.094628,39.481869
981,-6.603802,38.603767
982,-3.354020,42.043403
983,-3.052060,39.237971
984,-3.303785,39.703708
985,1.991042,42.252828
986,-6.407090,37.604074
987,2.450810,42.274158
988,-1.438393,43.226911
989,-7.349702,42.062004
990,-6.701429,37.891013
991,-4.144204,41.506733
992,-7.229430,42.554061
993,0.183727,41.679633
994,-8.468547,42.380464
995,-4.938367,39.878695
996,-0.187157,42.330707
997,-5.031043,42.698172
998,-0.398556,39.429021
999,-3.790820,41.113811
1000,-4.384104,37.675349
1001,0.120153,41.580495
1002,-5.008369,41.407847
1003,-8.653911,42.421681
1004,-4.577311,37.872120
1005,-4.849419,38.468198
1006,-2.311126,42.421097
1007,-4.740962,37.740369
1008,-3.764351,37.722337
1009,0.309677,40.819085
1010,-6.775193,43.157279
1011,-2.212952,38.979256
1012,-0.387496,39.322246
1013,-7.012480,38.335262
1014,-4.368221,41.128413
1015,-3.168845,40.680127
1016,-3.324563,42.322133
1017,-1.812995,42.780319
1018,-5.594904,41.948111
1019,-1.612469,38.317126
1020,-6.945824,43.040890
1021,-1.870784,37.929693
1022,-8.620170,42.721765
1023,-2.882965,41.068612
1024,-6.348071,38.210488
1025,-0.288935,41.090704
1026,-2.422687,39.629541
1027,-1.735868,39.758436
1028,-2.354457,42.051045
1029,-6.845974,43.122835
1030,-5.985087,42.829374
1031,-6.557458,43.358376
1032,-3.589711,36.789463
1033,-6.811650,39.888934
1034,1.835264,41.321715
1035,-0.077725,42.023027
1036,-4.010658,41.478896
1037,-5.930917,42.959759
1038,-4.431786,41.113753
1039,-8.024607,42.435050
1040,-4.516367,38.662315
1041,-0.741700,41.099908
1042,-2.656051,41.355082
1043,-2.891706,37.227977
1044,-1.392776,39.954470
1045,-8.467694,35.392434
1046,-2.848473,37.202938
1047,-2.318467,38.174747
1048,-2.308542,40.642761
1049,-6.363738,36.989164
1050,1.587544,41.539677
1051,-4.252184,38.118591
1052,-1.497200,41.933750
1053,-4.149324,40.159300
1054,-6.370513,40.723876
1055,-2.386333,42.940995
1056,-4.897923,40.970267
1057,-4.780126,42.617689
1058,-6.856654,39.343286
1059,-5.926690,37.281045
1060,-7.470106,43.158005
1061,-4.907763,38.213029
1062,3.010888,42.238870
1063,-7.155124,42.114437
1064,-0.146673,38.814957
1065,-2.743167,41.613726
1066,-3.913874,42.290903
1067,-4.528093,40.431623
1068,-4.489620,40.150559
1069,-0.545171,38.581241
1070,-2.637583,39.820237
1071,1.478529,41.487462
1072,-1.883237,37.614973
1073,-2.946771,38.167971
1074,-5.676657,43.186783
1075,-6.222675,38.894862
1076,-6.470160,40.912777
1077,-0.068746,40.234435
1078,-5.751318,40.191010
1079,-6.938718,38.462830
1080,-5.642008,39.403163
1081,-4.690786,40.208640
1082,-4.306471,43.190057
1083,-6.652532,39.585754
1084,-3.434018,41.898124
1085,-1.289545,38.666250
1086,-8.738759,42.994079
1087,0.585897,41.051443
1088,-6.444590,41.686067
1089,-4.450716,38.119452
1090,-4.084470,42.510711
1091,-4.066740,41.299708
1092,0.857041,42.257842
1093,0.018103,40.791901
1094,-8.674105,42.527067
1095,0.125925,41.389656
1096,-0.889368,40.485973
1097,-3.301371,37.153592
1098,-3.584378,37.407363
1099,-1.061851,40.442175
1100,-2.856362,42.516252
1101,-6.050959,41.565249
1102,-7.058610,43.414403
1103,-1.071969,39.763932
1104,-2.702962,37.852011
1105,-3.013475,40.975304
1106,-5.291168,36.818155
1107,-5.751305,36.493496
1108,-2.114594,41.273002
1109,-5.434042,41.894610
1110,-4.482674,42.368463
1111,-0.468155,41.031053
1112,0.934132,41.558109
1113,-1.765621,40.056541
1114,-1.694643,39.986888
1115,-2.657620,38.924726
1116,-1.406577,38.472338
1117,-1.695394,37.980434
1118,-2.642724,43.202152
1119,-10.486783,34.269374
1120,-6.938207,37.224187
1121,-0.688458,42.823376
1122,-5.338079,42.446262
1123,-5.570836,38.360537
1124,-0.672163,40.348476
1125,-2.024389,42.070435
1126,-5.825617,43.506105
1127,-6.058557,38.300480
1128,-4.748078,37.610416
1129,-4.635100,41.987216
1130,-4.941670,39.477036
1131,-0.972170,38.889033
1132,-7.148525,39.352646
1133,0.797020,41.705063
1134,-5.614874,37.723339
1135,2.243360,41.447595
1136,-2.167528,42.901681
1137,-3.941932,42.874782
1138,-1.268210,37.825879
1139,-6.172509,43.375334
1140,-3.872085,42.343428
1141,-0.807400,41.117703
1142,-5.767471,43.200604
1143,-6.073061,40.346349
1144,0.513007,41.265426
1145,-0.286353,40.130961
1146,-6.781735,38.697630
1147,-5.641950,39.084682
1148,-3.775676,40.280369
1149,-6.312019,42.716682
1150,-1.311399,41.181653
1151,-6.930294,43.052330
1152,0.106411,41.161430
1153,-0.904510,40.836496
1154,-2.668729,38.590655
1155,-5.450965,41.347130
1156,0.259000,41.993258
1157,2.290518,42.011146
1158,-4.125088,39.039022
1159,-4.622032,40.908511
1160,-5.788561,38.221939
1161,-6.072690,37.703105
1162,-5.975728,41.984032
1163,-2.765743,38.151650
1164,-1.315854,41.284558
1165,-1.041143,38.795899
1166,-0.492414,39.166801
1167,-0.446926,41.992026
1168,-2.340635,37.643138
1169,-4.081158,42.456264
1170,-2.265531,37.176868
1171,0.767788,42.269101
1172,-5.865026,42.094881
1173,-1.627345,42.216731
1174,-5.865628,41.555179
1175,0.032628,38.790399
1176,-5.922261,43.052152
1177,1.379744,41.517245
1178,-2.069703,41.125454
1179,-0.779912,40.516799
1180,-6.560675,37.533839
1181,-4.808683,39.723901
1182,-1.783156,41.702523
1183,-6.951340,39.712006
1184,-4.306776,40.833148
1185,-3.005146,42.086163
1186,-3.647856,40.142500
1187,-3.129212,39.340545
1188,-6.538497,39.994759
1189,-4.887882,41.842159
1190,-2.087428,40.212839
1191,-3.855635,39.360778
1192,-2.715532,42.142376
1193,-5.006653,41.633222
1194,-6.760753,38.751786
1195,-3.944058,43.288601
1196,-2.142007,37.551576
1197,-5.978191,40.842820
1198,-5.172392,38.440790
1199,-2.842429,42.117103
1200,-4.394702,43.001525
1201,-7.433296,37.338130
1202,-0.555556,38.454416
1203,-2.481093,41.258405
1204,-6.084120,38.967317
1205,-6.741058,40.655478
1206,-4.193828,38.554816
1207,-0.872788,40.225033
1208,-2.739313,39.335921
1209,-3.087726,39.185054
1210,-5.660768,40.789162
1211,-5.304823,37.242886
1212,-0.339860,40.236695
1213,-0.197409,40.704790
1214,-1.919427,43.118807
1215,-2.424978,41.570619
1216,-2.486268,40.622463
1217,-4.132763,38.365125
1218,1.636790,41.919686
1219,-3.808699,42.014653
1220,-6.162806,42.082443
1221,-2.945212,40.400541
1222,-8.368399,43.218034
1223,-1.311493,39.957298
1224,-3.474419,43.354384
1225,-5.586427,39.851280
1226,-7.869109,43.645344
1227,-4.914268,43.187811
1228,1.097814,41.907996
1229,-3.402108,38.140422
1230,-2.689511,42.858641
1231,-4.626516,37.013777
1232,0.196027,41.499514
1233,1.830298,41.520879
1234,-7.900345,43.138592
1235,-1.238795,39.480142
1236,-2.219485,42.974461
1237,-1.628965,38.724699
1238,-5.359626,40.574959
1239,-2.532051,38.344055
1240,0.626881,41.577274
1241,-0.345431,38.520005
1242,-7.302127,37.654740
1243,-6.883806,37.414279
1244,-3.233439,41.129717
1245,-2.136247,39.895597
1246,1.526304,41.962987
1247,-3.059173,37.485326
1248,-2.062713,39.185467
1249,-0.300477,40.404669
1250,-0.846270,42.672227
1251,-4.093289,38.495948
1252,-3.810889,37.952630
1253,2.284741,41.924136
1254,-5.642029,41.634526
1255,-4.464519,38.290372
1256,-3.233320,40.972552
1257,0.576961,41.363784
1258,-5.440039,42.260183
1259,-10.476927,34.298939
1260,-2.505156,38.842661
1261,-2.231121,37.097305
1262,-5.076978,40.688966
1263,-0.252752,42.643195
1264,-0.734885,39.663237
1265,0.884850,42.167109
1266,-8.894215,43.163550
1267,-1.395668,41.694136
1268,-4.716892,41.513114
1269,-4.675731,41.459415
1270,-4.713880,38.552668
1271,-6.449560,41.127468
1272,-5.479362,40.458796
1273,-4.721379,40.661132
1274,-3.794803,37.489610
1275,2.558093,41.641442
1276,-5.220979,41.772926
1277,-3.897762,39.406958
1278,-7.049487,42.432652
1279,-1.069765,42.020063
1280,-5.186041,38.826987
1281,-4.009870,41.224645
1282,-3.428808,38.990013
1283,-7.902184,43.003736
1284,-2.490288,41.689178
1285,-5.793049,38.826434
1286,-5.144389,41.186586
1287,3.346770,39.614706
1288,-3.273276,37.794754
1289,-1.858507,41.869264
1290,-5.243123,42.171679
1291,-6.499588,37.997310
1292,-6.023107,40.788397
1293,-1.574586,40.690433
1294,-6.106349,42.910874
1295,-3.309842,37.128308
1296,-2.240395,41.965679
1297,-0.637564,42.454131
1298,-6.440608,41.170923
1299,-0.016588,41.230631
1300,-4.278987,38.044928
1301,-3.789212,39.674498
1302,-7.462435,39.583140
1303,-7.476964,37.529989
1304,-4.144112,37.817910
1305,-4.287833,41.284592
1306,-4.655276,39.193596
1307,-8.439906,42.401483
1308,-1.588719,41.052560
1309,-0.765450,41.306465
1310,-4.779497,37.471681
1311,-6.244788,43.363481
1312,-3.452500,39.470080
1313,-7.470520,42.708255
1314,-4.408102,41.850167
1315,0.876399,41.857352
1316,-3.676544,37.409345
1317,-6.767524,42.472713
1318,-9.204668,42.968458
1319,-3.170043,37.451689
1320,-5.428337,38.863118
1321,0.598607,41.447735
1322,-1.274242,40.909451
1323,-3.436509,38.996378
1324,-0.919542,42.217286
1325,-5.762332,37.506333
1326,-3.051760,40.853513
1327,-2.554987,37.536670
1328,-5.722610,42.570947
1329,-4.816291,40.358731
1330,-2.973863,41.068637
1331,-4.569349,41.856302
1332,-3.866102,37.687795
1333,-8.673205,43.282280
1334,-5.397116,40.995650
1335,-6.174193,37.032825
1336,-3.279608,39.895451
1337,-2.154487,38.049001
1338,-7.016527,39.378450
1339,-7.327211,42.038785
1340,-4.023663,39.002551
1341,-7.156916,42.090738
1342,-4.164210,42.218237
1343,-4.934783,37.340670
1344,1.751123,41.377795
1345,-5.105240,37.431014
1346,-2.910594,40.834945
1347,-7.206589,42.004076
1348,-6.639149,38.436051
1349,-3.558886,42.499900
1350,3.834078,40.012877
1351,-3.535610,38.174982
1352,-2.020110,38.429265
1353,-3.293660,39.960886
1354,-1.265162,37.947981
1355,-2.190349,40.292560
1356,0.834214,42.098143
1357,3.221297,39.504096
1358,-5.158985,37.439591
1359,-4.737930,43.396647
1360,-2.953320,40.733868
1361,-1.767181,39.381359
1362,-0.976709,41.844728
1363,-8.852385,34.623596
1364,-1.474106,40.324757
1365,-2.304174,42.694150
1366,-1.843785,38.616395
1367,-3.156005,42.356974
1368,-5.226209,42.178836
1369,-0.883349,41.498303
1370,-2.588044,38.807590
1371,-5.863417,42.564305
1372,-5.863368,42.373497
1373,-3.809902,40.609656
1374,-7.434948,37.392125
1375,-4.920091,43.379315
1376,-0.899349,40.279199
1377,-6.061719,39.917812
1378,-2.760375,41.277162
1379,-2.291832,41.985129
1380,-8.441625,42.809932
1381,-4.501859,42.669895
1382,-3.965703,38.697428
1383,-8.148518,41.943012
1384,-5.517081,38.135625
1385,-8.461752,42.850629
1386,1.206648,41.869116
1387,-3.087080,39.736897
1388,2.374537,41.585179
1389,-5.977870,40.997187
1390,-5.990907,40.541430
1391,-6.411209,39.070700
1392,-1.909487,39.490629
1393,-5.752887,40.585167
1394,-6.460843,40.541869
1395,-4.072987,36.950957
1396,-6.103278,43.217751
1397,-4.781499,39.109939
1398,-5.358450,39.937904
1399,-1.252165,41.914054
1400,-3.795951,37.734377
1401,-3.550320,42.735577
1402,1.171142,41.689523
1403,-3.973298,37.742915
1404,-3.736797,36.972374
1405,-5.179021,42.570359
1406,-6.273279,37.993382
1407,-1.712771,37.650719
1408,-6.189710,38.288312
1409,-6.063580,38.548247
1410,-6.354457,38.965181
1411,-1.396533,42.379311
1412,-3.493384,41.977233
1413,-3.220061,41.117800
1414,2.857754,42.274420
1415,-5.936801,42.175720
1416,-5.810343,41.736603
1417,1.497402,41.853567
1418,-0.942654,41.732649
1419,-6.030483,41.801049
1420,-2.350488,40.208082
1421,-4.084914,37.868876
1422,1.228906,38.884296
1423,-6.898909,37.486939
1424,-1.867344,42.994098
1425,-3.009009,39.462064
1426,-6.206495,40.879759
1427,-0.897006,38.210021
1428,-5.968273,39.404773
1429,-4.900435,40.726344
1430,-6.053034,37.573488
1431,-0.802414,40.242135
1432,-1.853163,37.913912
1433,-2.002501,42.814481
1434,-1.706322,43.078907
1435,-0.146826,40.707572
1436,-1.772152,37.369394
1437,0.732042,42.389415
1438,-6.667785,42.932536
1439,-2.874750,41.632910
1440,-8.076443,43.357767
1441,-7.004845,39.319614
1442,-4.786155,40.765263
1443,-4.591359,37.113090
1444,-8.876559,42.741157
1445,-5.265904,38.424363
1446,-3.854647,37.118920
1447,-7.621241,42.470117
1448,-6.553261,37.559600
1449,-4.127060,36.999212
1450,-0.940301,42.117259
1451,-0.921560,41.493776
1452,-7.217747,43.257575
1453,-5.143955,39.004798
1454,-4.895160,41.806803
1455,-3.842382,41.732573
1456,-6.255352,38.071679
1457,-4.542235,42.076121
1458,-1.897392,42.240479
1459,-0.981526,40.411825
1460,-0.941095,40.418060
1461,-4.462976,43.295025
1462,-0.375868,42.777972
1463,-3.375237,42.466819
1464,-3.504832,42.273170
1465,-1.540285,38.304424
1466,-2.590748,40.714521
1467,-2.706902,42.017507
1468,-3.526168,39.848876
1469,-8.704681,42.964501
1470,-1.724085,38.548186
1471,-6.690459,38.337648
1472,-0.051354,41.781735
1473,-0.949925,41.860559
1474,-0.402498,38.717480
1475,1.923101,42.276633
1476,1.398078,41.939067
1477,-1.828465,41.217007
1478,-2.213425,38.745836
1479,-4.263773,37.313003
1480,-5.131662,43.151493
1481,-6.449819,39.986023
1482,-6.597135,42.849663
1483,-1.257598,42.176807
1484,1.189354,41.622920
1485,-2.519452,37.731188
1486,-5.188512,43.198962
1487,-6.565242,37.177849
1488,0.371399,41.397533
1489,-6.190607,41.609189
1490,-5.459487,41.037869
1491,-7.116674,38.769649
1492,-11.221151,34.671925
1493,0.284975,42.195354
1494,-2.323224,39.225451
1495,-4.329159,42.988091
1496,-6.745206,39.704907
1497,-6.386361,37.030954
1498,-3.853197,42.129900
1499,-0.393306,42.547441
1500,-4.981868,42.008433
1501,-7.458834,42.646763
1502,-5.449307,42.709250
1503,0.789208,41.760705
1504,-2.279072,39.018319
1505,-2.080260,39.726819
1506,-2.734480,39.632607
1507,-2.511308,40.413607
1508,0.509088,41.200839
1509,-5.531152,42.984712
1510,-4.483271,41.677526
1511,-2.638281,39.452214
1512,2.270139,42.236548
1513,-5.670973,43.439358
1514,-5.976896,40.457885
1515,-3.967957,40.038357
1516,-6.742414,40.504713
1517,0.704858,42.164905
1518,-4.486816,38.873676
1519,-3.972627,43.319470
1520,-3.358908,40.084930
1521,-3.254002,40.377720
1522,-6.649847,38.586792
1523,-2.646604,37.681338
1524,-3.587802,41.668720
1525,-2.255993,37.527400
1526,-2.126307,36.774482
1527,-4.491332,40.847148
1528,-1.664877,41.567410
1529,-5.313218,40.900751
1530,-5.649159,39.349448
1531,-3.414827,39.842137
1532,-1.184962,40.727433
1533,-3.716429,42.686259
1534,-2.133493,38.515813
1535,-0.790376,41.186959
1536,0.886028,42.644655
1537,-5.066377,41.798908
1538,-2.058742,40.516281
1539,-1.222026,38.058266
1540,-0.845247,39.898304
1541,-3.351661,37.889163
1542,-3.570427,42.453703
1543,-0.829465,38.375690
1544,-3.703424,43.346676
1545,1.667521,42.129558
1546,-4.861818,39.895372
1547,-3.126526,39.778158
1548,-3.544047,40.727376
1549,-4.612187,43.369258
1550,-5.845564,38.243695
1551,-7.020591,38.286538
1552,-6.414763,39.141798
1553,-2.211744,37.873525
1554,-4.575686,41.920967
1555,-3.627146,42.585411
1556,-3.447900,36.696163
1557,0.666672,41.437837
1558,-2.293009,40.459655
1559,-4.773864,38.188824
1560,-1.849970,39.675022
1561,-1.348700,37.749755
1562,-0.942413,40.035922
1563,-1.330646,41.140100
1564,-4.709351,41.733709
1565,-2.822388,40.143157
1566,-5.166455,43.188580
1567,-1.330420,41.112416
1568,-2.241041,39.426905
1569,-8.184625,42.552175
1570,-6.472485,41.770724
1571,-6.481953,42.387099
1572,-0.470620,39.117340
1573,-4.758896,36.582383
1574,-4.334080,41.558909
1575,-5.549032,38.409960
1576,-2.902647,37.355652
1577,-2.906300,41.032844
1578,-3.789573,43.126525
1579,-3.997937,42.940966
1580,0.944146,42.057342
1581,-3.697166,40.425913
1582,-6.174244,39.339942
1583,-2.509513,39.636396
1584,-7.430293,37.621419
1585,-1.416540,40.359138
1586,-5.832214,43.091520
1587,-3.946676,38.017349
1588,1.417690,41.864675
1589,-0.143984,41.293521
1590,-6.766547,37.653748
1591,-3.627569,41.649314
1592,-7.409113,43.686428
1593,-3.771413,37.831675
1594,-1.700136,37.781170
1595,-1.774914,41.807407
1596,-3.259969,42.830968
1597,-4.006950,41.833386
1598,-5.007226,41.510247
1599,-6.144203,42.848805
1600,-3.847724,42.905892
1601,-4.629645,43.149794
1602,-1.058930,38.144648
1603,-1.759492,40.797414
1604,2.006502,41.886630
1605,-3.718421,41.006866
1606,-4.938650,40.737462
1607,-5.638755,36.130345
1608,-11.240485,34.855800
1609,-3.373165,40.786619
1610,1.085871,41.113062
1611,-0.954334,39.798546
1612,-10.474880,34.121018
1613,-3.214059,37.244597
1614,0.178106,41.677932
1615,-1.189288,39.031250
1616,-9.106871,43.139094
1617,-2.805873,42.887611
1618,-1.882968,40.611361
1619,-1.988158,41.151144
1620,-2.585151,40.077122
1621,-5.580658,38.350412
1622,-1.180515,39.851819
1623,-2.564047,37.698585
1624,-1.197756,41.944887
1625,-3.557761,42.382761
1626,-5.211565,37.028187
1627,2.384544,41.927218
1628,-4.635821,41.696375
1629,-1.620467,41.658316
1630,-1.536423,38.530591
1631,-0.724403,42.518210
1632,-6.970710,39.617308
1633,-4.368604,39.438880
1634,-2.124447,41.120121
1635,0.766717,40.928448
1636,-4.143048,40.688764
1637,-6.178734,42.950319
1638,-5.399024,40.168162
1639,-2.120978,38.976071
1640,-3.027059,41.616853
1641,-5.560410,38.013585
1642,-3.147775,40.213239
1643,-0.846953,42.200893
1644,-4.599502,38.298016
1645,-4.311085,38.317867
1646,-4.741534,43.308859
1647,-5.236254,41.157361
1648,3.072592,39.415753
1649,-4.697141,40.494278
1650,-6.370189,37.514586
1651,0.161960,38.790122
1652,-1.910644,41.181424
1653,-0.141743,41.580625
1654,-2.525818,42.532233
1655,-1.194315,38.620411
1656,-1.348823,39.344016
1657,-8.037231,42.905489
1658,-5.888615,40.880558
1659,-2.513990,37.206824
1660,-3.505649,41.468370
1661,-3.273434,36.826872
1662,-2.200903,40.906353
1663,-5.561683,36.663291
1664,-2.792731,37.732379
1665,-2.912043,39.562194
1666,-5.916587,36.663979
1667,-8.046988,42.511106
1668,-0.779490,39.650492
1669,-2.997645,40.438112
1670,-1.753600,38.455451
1671,-2.947745,40.789212
1672,-6.176795,43.017874
1673,-7.054142,43.222009
1674,-1.025952,41.750015
1675,-3.095372,39.884357
1676,-4.625170,38.544740
1677,-4.990838,38.537101
1678,-5.575274,40.848854
1679,-6.845631,37.829135
1680,-3.257298,40.454060
1681,-0.312585,39.559724
1682,-0.716142,41.254671
1683,-5.642809,37.442675
1684,-3.340076,40.098456
1685,-6.978761,38.072562
1686,-8.811102,42.003861
1687,-6.149528,41.404584
1688,-6.057671,39.178525
1689,-4.118922,38.137091
1690,-3.887673,39.158080
1691,-5.765976,43.408649
1692,-2.692301,38.163630
1693,-3.172425,38.898378
1694,0.221486,40.283880
1695,-0.321315,41.698198
1696,0.357272,40.371496
1697,-3.923984,37.871857
1698,2.327060,41.908137
1699,-4.361632,37.237931
1700,-6.180453,41.433462
1701,-2.151668,37.167350
1702,-7.042234,37.492375
1703,-3.222822,42.350933
1704,-4.079589,37.790087
1705,-6.135451,42.928429
1706,-1.007318,38.876733
1707,-8.416606,42.277859
1708,-3.298000,40.515838
1709,-5.743437,39.385627
1710,-4.644615,40.170444
1711,-6.314398,41.702490
1712,-6.909795,40.097620
1713,-4.011664,40.649672
1714,-5.433011,38.565701
1715,-5.374926,41.795980
1716,0.848429,41.788587
1717,-1.107450,41.755027
1718,1.378530,42.451135
1719,-6.094492,41.201526
1720,-3.673096,42.237249
1721,0.284841,40.401045
1722,-3.079615,36.837386
1723,0.081792,42.201262
1724,-5.144307,40.634604
1725,-5.204590,39.642064
1726,-5.308422,36.703758
1727,-5.566929,42.198666
1728,-6.390500,39.091528
1729,-5.841247,42.019426
1730,-4.448828,36.927026
1731,-6.590778,42.441560
1732,-5.627859,38.612368
1733,-4.367588,38.297869
1734,0.353033,42.425889
1735,-4.597992,40.831765
1736,-7.107493,43.360976
1737,-6.469391,40.262048
1738,-12.186652,34.529470
1739,-5.787828,39.747781
1740,-1.995684,40.427252
1741,-1.508906,40.958832
1742,1.455711,42.397594
1743,-0.792086,39.733702
1744,-3.488706,40.437089
1745,-2.715064,40.890631
1746,-1.706158,38.513633
1747,-2.228377,38.300401
1748,-4.868921,38.392101
1749,-6.111162,41.896855
1750,-3.984636,39.772372
1751,-10.581813,34.210362
1752,-3.575067,40.812782
1753,-6.219076,40.971323
1754,-6.419817,42.037355
1755,-5.029503,42.267383
1756,-7.071411,42.929718
1757,-2.628685,39.293664
1758,-6.064870,36.472720
1759,0.430576,41.127672
1760,-6.022286,39.993142
1761,-1.254465,37.829548
1762,-6.011819,40.191085
1763,-2.225233,36.997763
1764,-3.701798,38.225474
1765,-3.683820,41.688572
1766,-8.951811,42.868914
1767,0.488511,42.266629
1768,-0.248412,39.794238
1769,-6.251677,41.468625
1770,-7.953214,41.916323
1771,0.301196,40.735104
1772,-3.627700,40.298121
1773,-6.962324,43.061929
1774,-0.942833,40.931252
1775,-3.987706,42.181961
1776,0.163831,42.172792
1777,-5.556785,42.369723
1778,-3.466096,37.544375
1779,-0.127159,41.059330
1780,-1.352968,42.607212
1781,-6.028501,42.123609
1782,-5.648698,37.481014
1783,-3.951884,39.585502
1784,-5.746054,42.349501
1785,0.685099,42.479524
1786,-3.979372,41.750263
1787,-2.354314,43.219757
1788,-8.437440,43.364787
1789,-6.997125,42.949270
1790,-2.622385,41.819098
1791,-5.959321,39.480435
1792,-5.804065,42.618595
1793,-4.169900,40.399800
1794,2.458028,42.258881
1795,-5.291761,38.040011
1796,1.192933,41.435815
1797,-5.239412,40.349997
1798,-5.784048,39.908046
1799,-5.415591,37.911583
1800,-4.801777,42.136571
1801,-5.308420,40.708147
1802,-8.691003,42.645888
1803,-1.604763,39.602462
1804,-8.834008,34.875685
1805,-1.837861,42.264577
1806,-4.688768,38.015819
1807,-1.013942,39.983350
1808,-2.919911,43.410186
1809,-5.542130,38.040177
1810,-1.220261,39.085030
1811,-2.261549,36.855737
1812,-4.481913,36.784771
1813,-3.131226,39.325684
1814,-6.741011,40.447443
1815,-2.260610,42.533923
1816,-2.235889,41.569723
1817,-5.681046,37.634763
1818,-2.472333,37.281944
1819,-7.819223,42.711169
1820,2.387514,41.844409
1821,-0.262916,39.120257
1822,-1.542320,39.965361
1823,0.706202,41.525259
1824,-3.875288,43.285311
1825,-3.620192,43.217303
1826,-5.608767,36.873994
1827,-6.735531,42.826318
1828,-4.440286,38.511927
1829,-4.413733,39.143321
1830,-7.765570,42.166243
1831,-5.380714,39.645205
1832,-3.164507,38.334563
1833,-3.071169,41.454650
1834,-5.958195,37.081201
1835,-6.414830,39.850069
1836,-3.409361,38.052792
1837,-2.387424,42.891378
1838,-4.473371,39.876702
1839,-4.599462,37.237067
1840,2.078591,41.747627
1841,-3.121206,42.830990
1842,-1.693752,41.578643
1843,-4.795678,39.668893
1844,-2.301594,43.097422
1845,-0.378252,42.433060
1846,0.579305,41.566199
1847,-2.529844,40.188279
1848,-3.949731,41.972190
1849,-2.876858,41.214727
1850,-3.216280,39.527705
1851,-7.306339,37.744496
1852,-4.844919,37.611979
1853,-4.511985,40.809888
1854,-6.376048,37.230741
1855,-4.614358,37.876094
1856,-3.853272,38.173588
1857,-12.130243,34.521463
1858,-5.713017,37.383932
1859,-0.882751,38.970259
1860,-3.986622,43.053263
1861,-6.210027,40.799961
1862,-2.780686,39.580743
1863,-4.822730,42.667942
1864,-3.645175,37.769738
1865,-5.607113,41.117803
1866,-3.089663,41.761390
1867,-6.105690,43.197421
1868,-4.168240,43.143879
1869,-2.338467,39.945158
1870,0.923601,41.102155
1871,-6.366896,43.035460
1872,-3.095626,37.050489
1873,0.222155,42.130786
1874,-1.418451,42.300872
1875,-0.934351,38.342956
1876,-2.379402,37.894320
1877,-3.955719,37.010875
1878,-3.937768,39.862944
1879,-4.066129,40.595101
1880,2.715545,41.673634
1881,-6.876261,40.085282
1882,-1.869302,38.601235
1883,-8.390802,43.320256
1884,-1.121057,42.693615
1885,-2.749941,42.506894
1886,-7.669865,42.171695
1887,-2.245105,39.418455
1888,1.370544,41.366265
1889,-4.004835,40.312505
1890,-4.143408,42.112803
1891,-0.065150,42.597533
1892,1.913748,42.209478
1893,-7.537797,43.614237
1894,-0.596867,39.956926
1895,-6.626558,40.472057
1896,-5.433321,38.092853
1897,-1.096728,37.673382
1898,-0.779061,41.014970
1899,-5.532747,40.279097
1900,-2.517713,40.308561
1901,-6.626855,42.711504
1902,-8.401310,42.370964
1903,-4.789542,37.744982
1904,-6.086676,38.132872
1905,-5.980863,43.352653
1906,0.827914,41.889931
1907,-3.754124,42.375260
1908,-7.930415,41.955578
1909,-2.320203,37.874013
1910,-7.177097,38.433394
1911,-4.707137,41.493503
1912,0.594083,41.424961
1913,-5.319825,41.220844
1914,2.000638,42.340515
1915,-8.269073,43.446838
1916,-4.041923,38.318597
1917,-5.806580,39.286490
1918,-4.928964,40.609076
1919,-5.773729,37.250430
1920,-0.804169,38.319991
1921,-4.866040,40.413194
1922,-7.699456,42.974342
1923,-0.803295,39.958126
1924,-1.635485,40.549273
1925,0.365631,42.008325
1926,-5.560774,38.124943
1927,-4.835356,39.650754
1928,-5.790828,39.790175
1929,-4.683365,37.095919
1930,-2.498092,39.474956
1931,0.465709,41.241890
1932,-2.274417,39.741270
1933,-4.891986,36.869995
1934,-0.680484,40.644996
1935,-3.021848,39.377512
1936,-5.746100,40.709176
1937,-5.962486,36.980787
1938,-0.306592,38.591593
1939,-3.145582,40.514474
1940,-5.426659,42.823941
1941,-1.216141,41.635194
1942,0.880946,42.401778
1943,-6.385997,39.673003
1944,-12.646299,35.174913
1945,-4.305887,41.013062
1946,-3.590134,42.026475
1947,-3.486736,43.328265
1948,-3.051471,40.566229
1949,-5.554565,40.684974
1950,1.705031,41.217243
1951,-6.467163,39.018940
1952,-5.222797,40.145522
1953,-1.655755,39.979180
1954,-6.675089,42.949175
1955,-5.586815,41.626380
1956,-4.527165,40.381426
1957,-0.173203,39.916775
1958,-5.264082,39.556870
1959,-1.443432,38.552001
1960,1.260357,41.402206
1961,2.061393,42.249753
1962,-1.141208,42.884297
1963,-4.736395,39.678417
1964,-4.081764,41.203465
1965,-6.183832,39.723957
1966,0.326261,40.700644
1967,-0.857579,39.943869
1968,-2.840204,39.295478
1969,0.908167,42.470760
1970,-3.012674,42.122449
1971,-4.963840,37.236192
1972,1.259116,41.633797
1973,-1.800796,40.723185
1974,-1.493004,38.617235
1975,-2.499617,39.211608
1976,-2.720120,39.464512
1977,-6.051070,38.147154
1978,-7.682974,42.916302
1979,-5.737930,39.984752
1980,-4.209722,41.873919
1981,-4.607344,38.424657
1982,-11.567256,34.563698
1983,-8.396659,43.204940
1984,-2.472782,42.350348
1985,-3.667348,41.796564
1986,-0.284741,40.872879
1987,-4.170805,40.872246
1988,-1.050992,39.903539
1989,-0.792240,38.487810
1990,-2.172758,43.017350
1991,-6.465269,43.212754
1992,-3.102920,41.647727
1993,-5.655430,43.460608
1994,-6.952668,38.925600
1995,-5.803712,37.827926
1996,-7.525993,42.550865
1997,-4.473346,38.802167
1998,-1.774937,41.409443
1999,-4.423206,39.287303
2000,-2.789322,39.945340
2001,-0.631821,38.634859
2002,-4.566080,43.280003
2003,-1.740124,39.110302
2004,-7.446814,42.317429
2005,-1.192093,39.330752
2006,-5.051905,39.870378
2007,0.828284,41.301023
2008,-2.807397,42.694226
2009,-5.763982,39.924261
2010,-0.992800,42.034584
2011,-2.735694,40.534470
2012,-2.114258,42.725643
2013,-4.765196,40.100513
2014,-4.134357,39.141575
2015,1.184628,41.590395
2016,-2.149014,41.473852
2017,-0.891360,37.754345
2018,-1.295686,42.037831
2019,-3.981941,39.562614
2020,-2.234913,37.637345
2021,-5.686511,40.734963
2022,-0.378880,40.888017
2023,-7.355480,42.768496
2024,-0.682967,38.526900
2025,-3.514028,38.692056
2026,-5.165616,43.311463
2027,-6.452011,42.534827
2028,-6.160865,41.495098
2029,-3.200621,39.684981
2030,-7.617666,43.459049
2031,-5.185517,38.227358
2032,-5.455058,39.809428
2033,-8.751125,43.248731
2034,-6.445450,38.536783
2035,-4.311116,42.374747
2036,-4.934915,36.789035
2037,-5.293658,43.319291
2038,-5.180403,37.314050
2039,-7.377250,42.630145
2040,-2.825724,38.129045
2041,-3.693472,40.176763
2042,-0.378404,39.696314
2043,-6.019294,43.573480
2044,-0.073419,40.720552
2045,-5.904820,41.096584
2046,-2.546677,41.871119
2047,-1.658913,43.207038
2048,-6.473600,40.982229
2049,0.626418,40.983381
2050,-2.432177,38.731274
2051,-2.750165,42.901447
2052,-2.313325,42.037832
2053,-8.011881,41.860226
2054,-2.906904,37.825653
2055,-6.410747,43.408573
2056,1.903939,41.948805
2057,-0.735562,41.939661
2058,0.354078,40.513029
2059,1.142423,41.714456
2060,-5.867093,40.012572
2061,-2.685881,39.657221
2062,-1.527319,40.043122
2063,-2.808063,40.563858
2064,-5.307391,41.228338
2065,-6.207653,36.614362
2066,-6.282608,38.939086
2067,-5.708640,43.139075
2068,-7.291406,43.283107
2069,-3.457120,39.710408
2070,-4.944818,37.443991
2071,-1.231038,37.848815
2072,-7.807991,43.284154
2073,0.806996,42.783436
2074,-1.108284,41.905530
2075,-8.569076,43.171117
2076,-5.060331,41.629131
2077,-6.679457,40.044960
2078,-3.503820,40.630696
2079,1.577531,39.003855
2080,-1.103072,39.034705
2081,-8.577758,35.298440
2082,-5.966996,37.212626
2083,-2.380611,40.689755
2084,-6.680455,40.040954
2085,-2.151349,39.831324
2086,-0.049496,41.530010
2087,-5.135417,41.343436
2088,-4.204234,42.626318
2089,-1.040794,38.480107
2090,-5.041750,38.424312
2091,-7.090792,39.253723
2092,-2.712279,42.378471
2093,-3.531933,43.483608
2094,-1.209110,41.024334
2095,-4.397879,40.553359
2096,-4.833640,38.947004
2097,-6.226366,42.599346
2098,-4.730624,39.156626
2099,-2.923804,43.090477
2100,-3.690774,41.592197
2101,-5.456957,36.095119
2102,-6.685709,37.153024
2103,-3.414837,41.419872
2104,-5.097028,42.985494
2105,-3.642776,39.783542
2106,0.945962,42.142421
2107,-2.699501,41.807251
2108,-2.448910,36.872942
2109,-6.506709,43.365437
2110,-0.185740,40.827531
2111,1.687550,42.215612
2112,-5.644337,41.903224
2113,-5.641576,42.564600
2114,-3.929880,42.736263
2115,-4.971263,42.650786
2116,-4.432497,40.624296
2117,-1.264529,39.757027
2118,-5.717931,41.915218
2119,0.101700,41.570756
2120,-6.512318,37.444692
2121,-2.727160,42.653805
2122,-0.418868,41.426895
2123,-3.903150,39.348438
2124,-1.871927,37.657473
2125,-4.177833,40.202468
2126,-4.998961,39.767503
2127,-7.026982,42.335688
2128,-7.659252,42.956127
2129,-4.184636,37.550666
2130,-4.034787,37.504808
2131,-0.579241,42.424880
2132,-2.593772,38.022104
2133,-6.158905,37.623298
2134,-5.527131,39.971644
2135,-5.812410,40.825433
2136,0.184155,41.589519
2137,-4.141469,41.735002
2138,-0.475880,41.374590
2139,-5.285351,38.882688
2140,-1.298629,37.857936
2141,1.136837,41.808209
2142,-1.104356,39.571265
2143,2.866645,42.189210
2144,-4.322915,42.755709
2145,-2.161604,37.006900
2146,-4.657759,39.644737
2147,-5.694960,42.162525
2148,-6.459904,38.132029
2149,-6.825456,42.836168
2150,-4.669687,39.657249
2151,-4.389659,37.801004
2152,-2.195063,38.917369
2153,-4.056066,43.394140
2154,-0.056336,42.114929
2155,-3.366241,38.842761
2156,0.809924,41.274301
2157,2.912790,39.809270
2158,-7.362411,42.852471
2159,-2.604071,38.059888
2160,-5.489435,39.822264
2161,-5.958543,38.061033
2162,-3.018456,39.799740
2163,-5.376025,43.102833
2164,-4.940742,38.279187
2165,-7.219257,39.211827
2166,-8.326301,35.405596
2167,-5.115256,36.870994
2168,-6.350740,36.674108
2169,-4.641991,41.879110
2170,-6.622008,37.810746
2171,-5.475300,36.281988
2172,-4.791697,39.856052
2173,-4.214589,41.839415
2174,-5.946645,38.401774
2175,-4.208091,40.133786
2176,-6.392367,41.377786
2177,-0.543799,40.486501
2178,-8.828262,42.102575
2179,2.900844,41.990586
2180,-1.034911,40.427782
2181,-5.479973,39.651495
2182,-3.605139,39.092761
2183,-6.152202,41.171409
2184,-4.193871,39.211528
2185,-3.943703,41.422028
2186,-5.629088,43.156430
2187,-2.924000,41.483894
2188,-4.926499,42.546601
2189,0.753307,42.768997
2190,-5.425960,39.911530
2191,-3.320620,42.699527
2192,-1.425589,39.891635
2193,-1.110535,40.473501
2194,-2.944103,38.931325
2195,-0.520282,39.195225
2196,-5.402151,38.105833
2197,-4.837890,40.982945
2198,0.347074,40.819686
2199,-5.376464,39.176095
2200,-7.799395,41.918374
2201,-3.390151,41.179738
2202,-2.331630,40.030326
2203,-8.196423,42.925298
2204,-3.782237,37.048851
2205,-2.186353,42.136381
2206,-5.242623,39.400922
2207,2.531422,42.105466
2208,-8.927631,42.921222
2209,-8.657242,42.302276
2210,-2.242396,42.477166
2211,-3.769913,38.048503
2212,-4.157327,37.517259
2213,-4.033879,42.077360
2214,-4.897731,38.880187
2215,-1.135958,40.843828
2216,-0.178940,40.101553
2217,-1.400814,38.902350
2218,-6.858798,40.109988
2219,-0.727621,39.856098
2220,3.309249,39.577106
2221,-3.548472,39.225240
2222,1.684580,41.830579
2223,-3.074851,40.486520
2224,-2.750738,40.518078
2225,-4.784491,41.227981
2226,-7.403679,42.891881
2227,-3.366000,41.372982
2228,-4.479898,41.616791
2229,-3.161100,38.682166
2230,-2.408274,38.282614
2231,-6.498316,37.540355
2232,-2.534908,37.538106
2233,-3.000880,40.254836
2234,-5.882714,40.166433
2235,-11.137286,34.922913
2236,0.510803,42.105918
2237,-4.338380,43.118894
2238,-5.583459,43.336568
2239,0.899990,42.239665
2240,-2.144269,40.185566
2241,-0.317250,41.893484
2242,-2.152357,40.501774
2243,-5.248394,38.159766
2244,2.065493,42.004916
2245,1.296834,42.655279
2246,-2.045123,41.319538
2247,-1.105424,40.420816
2248,-3.088956,38.455428
2249,-3.251815,38.620468
2250,-0.700337,41.737005
2251,-6.425040,43.299979
2252,-3.791404,41.087137
2253,-5.885383,41.552472
2254,-6.371456,42.646641
2255,-5.979430,38.481425
2256,-3.239102,38.640102
2257,-3.059700,41.792518
2258,2.975868,41.884326
2259,-6.917739,42.591462
2260,-9.027884,43.042779
2261,-3.109181,42.045135
2262,-1.479008,42.296735
2263,0.336646,41.220298
2264,-5.400246,39.794857
2265,-5.609032,36.479191
2266,0.637354,41.533286
2267,-0.344442,39.456523
2268,-2.943310,42.833880
2269,-7.702674,43.691017
2270,0.939839,42.498720
2271,-3.415151,42.110328
2272,-6.366462,41.354445
2273,-3.457268,38.305292
2274,-3.053900,43.122159
2275,-2.807492,39.223085
2276,-2.281895,40.639225
2277,-4.576121,37.113085
2278,0.688496,41.672394
2279,-3.207882,37.041469
2280,2.749987,41.729594
2281,-1.014211,42.638147
2282,2.046507,41.709156
2283,-0.198106,41.834880
2284,-4.029445,39.248956
2285,-4.422460,40.172471
2286,-5.328559,37.133863
2287,-3.952403,42.926996
2288,-3.581674,38.842124
2289,1.051817,41.227847
2290,-6.987526,43.100964
2291,-6.329234,38.609941
2292,0.065782,42.605862
2293,-11.163110,34.776029
2294,-4.041898,37.871409
2295,1.306427,41.795183
2296,-6.723591,38.075067
2297,-4.281783,39.694793
2298,-5.147350,38.394250
2299,-1.865469,37.207133
2300,-3.421976,37.657118
2301,-3.152595,37.708181
2302,-1.668439,37.409031
2303,-5.358647,37.319465
2304,-0.308085,39.160599
2305,-6.993524,37.513920
2306,-4.648693,41.176909
2307,-4.553347,43.141459
2308,-1.923441,41.235281
2309,-3.557801,37.648422
2310,-2.737705,39.424902
2311,-0.700558,39.061860
2312,-3.756930,38.215224
2313,0.100216,41.724424
2314,-4.838789,41.795663
2315,-5.648498,41.667689
2316,-6.973163,43.266343
2317,-8.032058,41.969565
2318,-1.893041,42.647267
2319,-3.531019,37.407586
2320,-6.200794,40.782191
2321,-3.824131,39.253551
2322,-0.324456,39.602990
2323,-5.654772,39.043737
2324,-1.315818,38.535408
2325,-6.119473,42.164687
2326,-4.972944,42.459417
2327,-2.187270,39.057004
2328,-0.924912,41.758970
2329,-3.827712,42.347106
2330,-2.816076,38.526075
2331,2.940079,39.641256
2332,-5.867127,38.741964
2333,-1.043561,41.252326
2334,-4.644212,38.840869
2335,-1.748393,38.343180
2336,-2.883944,40.657246
2337,-3.403051,39.739286
2338,-1.043529,42.123829
2339,-4.444863,38.954690
2340,-1.269126,39.854226
2341,-6.664092,38.567109
2342,-5.736180,38.436687
2343,3.379324,39.586305
2344,-3.045303,41.444505
2345,-6.277987,40.160228
2346,-5.410374,42.642349
2347,-5.079126,36.760923
2348,-6.036091,41.873814
2349,-7.195081,41.923117
2350,-3.067917,38.047021
2351,-3.882997,40.730976
2352,-5.688965,38.801596
2353,-5.566598,39.018631
2354,-7.715426,43.476371
2355,-4.139947,41.201711
2356,-4.257124,36.816541
2357,-2.279192,40.741472
2358,-4.544782,38.443063
2359,-6.962327,42.179910
2360,0.155248,40.418548
2361,1.891618,41.274177
2362,-7.366789,37.646194
2363,-7.257014,42.237684
2364,-4.390844,40.574114
2365,-2.269775,37.056620
2366,-7.941939,42.475652
2367,-7.022498,43.265822
2368,-0.035812,41.669284
2369,-4.972000,42.039904
2370,2.785873,41.730307
2371,-2.112178,39.001592
2372,-4.517120,42.789093
2373,-5.461213,43.274372
2374,-2.278283,40.875101
2375,0.643208,41.588856
2376,-4.183531,38.478562
2377,-2.940533,37.698875
2378,2.528684,42.016076
2379,-8.177142,43.220898
2380,-5.834000,42.237520
2381,-2.653294,39.431623
2382,-6.694543,40.652085
2383,-5.142681,41.020404
2384,-5.903289,39.791385
2385,-4.057766,40.335280
2386,0.664639,41.874964
2387,-0.241703,40.093695
2388,2.686085,41.642227
2389,-2.204414,36.999105
2390,-2.208081,38.192135
2391,-0.259467,41.154609
2392,-4.273557,42.375612
2393,-2.259464,43.183647
2394,-5.242499,39.281530
2395,-0.876518,41.301855
2396,-4.550443,41.432354
2397,-2.387702,41.166347
2398,-6.453861,40.818751
2399,-1.671692,39.013872
2400,-2.600176,39.458637
2401,-1.577482,40.710059
2402,-3.612459,42.951297
2403,-1.905112,36.994088
2404,-1.600599,37.755865
2405,-4.694493,41.517818
2406,-0.391588,38.742873
2407,-3.842151,41.550739
2408,-0.519426,39.419205
2409,-3.023919,41.947017
2410,-2.281385,37.247481
2411,-7.032411,37.310352
2412,-5.792587,42.353423
2413,-6.096771,43.555696
2414,-4.968126,42.096874
2415,-2.849525,42.970733
2416,-4.191743,39.197446
2417,-3.722654,37.289953
2418,-3.326589,36.761276
2419,-5.759104,41.072310
2420,-3.716902,39.056703
2421,-0.900052,41.125312
2422,-7.868902,42.386515
2423,-7.100920,38.541352
2424,-4.968036,37.924506
2425,-3.965242,42.510190
2426,-3.782825,38.757428
2427,-3.060865,39.274590
2428,2.281574,41.756894
2429,-0.210093,40.611942
2430,-5.942239,41.358922
2431,-9.154532,43.114308
2432,-0.621545,42.487213
2433,-4.680176,36.876589
2434,-0.820265,41.223240
2435,-5.233577,39.056127
2436,-0.257685,38.746233
2437,-2.821287,39.460296
2438,-1.163304,38.805046
2439,-1.524131,37.507865
2440,-1.483204,38.620774
2441,-4.121157,40.651806
2442,-5.015192,41.550574
2443,-4.343594,42.249631
2444,-3.532916,41.061248
2445,-0.503295,39.516383
2446,-0.320512,40.743324
2447,-1.876047,40.875504
2448,-8.678128,43.062436
2449,-4.073678,42.178224
2450,-3.947053,38.002999
2451,-1.330368,40.618249
2452,-4.499626,41.758707
2453,1.985264,42.105466
2454,-4.567483,41.767722
2455,2.646985,42.101085
2456,-7.344760,42.734986
2457,-6.942593,39.387024
2458,1.597117,42.076244
2459,-0.599063,38.363945
2460,-4.705698,41.535356
2461,-5.719037,36.362552
2462,-11.743394,34.707743
2463,-3.123041,42.543019
2464,-3.941922,41.755201
2465,-7.412127,37.678444
2466,-3.665655,42.587641
2467,-4.965519,39.159514
2468,-5.697877,37.082515
2469,-0.604899,40.712794
2470,-2.900970,37.362416
2471,-1.420409,42.977741
2472,-7.216599,37.438736
2473,-5.896136,36.989915
2474,-6.126715,41.832390
2475,-0.878401,42.228307
2476,-5.113578,39.876842
2477,-8.391467,42.592506
2478,-5.140554,43.358264
2479,-4.569555,39.557866
2480,-1.916713,41.420791
2481,0.086450,41.730081
2482,-0.626072,39.407125
2483,-2.354382,39.227870
2484,-0.452412,42.672703
2485,-5.386417,41.957014
2486,-3.183837,42.588958
2487,-5.430230,41.606477
2488,-0.505543,41.775927
2489,-3.480090,39.498301
2490,0.312591,41.055577
2491,-6.243035,36.654742
2492,0.091432,38.822680
2493,-8.790386,35.020903
2494,-2.993947,40.804832
2495,-4.675602,41.071348
2496,-6.937952,38.924218
2497,-4.506274,41.216541
2498,-1.608341,40.473532
2499,-5.182586,38.995966
2500,-0.788036,39.341871
2501,-5.609252,42.108226
2502,-5.038287,40.839016
2503,-6.992859,42.418362
2504,-2.849185,42.098099
2505,2.678286,42.182157
2506,-4.237019,39.973204
2507,3.281552,39.579573
2508,-3.270581,40.984667
2509,0.610520,42.592558
2510,1.574392,41.214407
2511,-5.015318,43.317568
2512,-8.822224,42.420725
2513,-4.430110,40.938134
2514,-5.204282,39.472479
2515,-2.924328,42.405754
2516,-2.816611,39.018196
2517,-0.559161,42.116357
2518,-5.104233,41.853233
2519,-4.931999,42.425824
2520,-0.942656,42.107806
2521,-2.948357,39.033261
2522,-0.826323,41.179111
2523,-3.107865,38.990680
2524,-5.664547,36.426113
2525,-6.428914,37.059633
2526,-1.869146,40.336020
2527,-1.382511,39.929201
2528,-5.982477,37.639082
2529,-4.054304,39.483193
2530,-5.901100,42.935928
2531,-2.601202,38.901199
2532,-3.385694,37.069748
2533,-8.767981,42.535278
2534,-6.468353,36.992839
2535,-0.421309,42.732356
2536,-11.653500,34.587232
2537,-5.887194,39.224356
2538,-3.356726,39.718496
2539,-2.751243,40.547072
2540,-4.019781,39.248214
2541,-0.201608,41.480372
2542,-5.260441,38.416780
2543,-1.211015,39.008455
2544,-5.593345,39.226476
2545,-1.044519,42.608600
2546,-0.927461,39.671407
2547,-4.800431,43.112459
2548,-1.638646,38.812446
2549,0.729059,42.722318
2550,-2.343339,39.694923
2551,-4.500427,38.399728
2552,-3.330276,41.021770
2553,-3.441603,39.627812
2554,-7.395397,43.132842
2555,-4.985027,37.902678
2556,-7.762836,42.559076
2557,-5.905447,37.137725
2558,1.878901,41.840938
2559,-0.161357,42.507775
2560,-4.080456,41.794289
2561,-3.676595,36.885481
2562,-6.700074,42.334537
2563,-6.790867,37.877480
2564,-7.156123,42.033397
2565,-2.180894,37.165697
2566,-3.898332,39.408251
2567,1.808637,41.254427
2568,-4.646888,42.968040
2569,-1.198631,38.346393
2570,0.483177,41.424782
2571,-1.345749,40.855692
2572,1.808688,42.343885
2573,-6.908073,42.105785
2574,0.490985,41.648595
2575,-3.566970,40.885168
2576,-7.164051,43.069665
2577,-3.267876,40.502007
2578,-5.985889,36.425366
2579,-5.761138,39.012508
2580,-4.125917,37.790304
2581,-4.890701,36.565389
2582,-6.486454,41.193350
2583,-5.433654,40.235644
2584,-5.484434,42.193670
2585,-2.143165,38.807129
2586,-5.778373,36.635252
2587,-0.788736,38.057930
2588,-7.147154,43.507433
2589,-5.868452,41.847188
2590,-4.553692,43.228131
2591,-3.898614,40.249710
2592,-4.916433,41.456662
2593,-0.229800,41.526166
2594,-5.687486,43.052736
2595,2.117181,41.627612
2596,-0.297912,41.665178
2597,-3.479052,39.498855
2598,-4.620758,36.638371
2599,-1.852470,37.743798
2600,-2.861980,41.737839
2601,-3.231831,39.003847
2602,-2.883532,41.376309
2603,-5.023339,42.225175
2604,-2.202543,41.194250
2605,-5.077990,42.881372
2606,-8.893431,42.749839
2607,-6.410567,39.134736
2608,-5.138089,39.376409
2609,-8.080287,42.174177
2610,-1.851840,39.922536
2611,-8.226195,43.038177
2612,-3.245206,42.644239
2613,-5.356276,40.350308
2614,-1.519878,41.908228
2615,-2.526578,39.852380
2616,-5.313338,38.077828
2617,-6.230379,38.343895
2618,0.716585,42.164974
2619,-6.926567,39.420423
2620,-2.654729,41.593214
2621,-3.880545,38.105179
2622,-8.143446,42.837777
2623,-4.489363,41.967437
2624,-1.495766,41.198472
2625,-0.112874,42.498164
2626,-7.094417,38.748293
2627,-1.953633,39.631206
2628,-6.820979,38.569506
2629,-3.105878,40.543294
2630,0.821097,41.023099
2631,-11.117316,34.902930
2632,-1.138385,38.653877
2633,-5.521677,37.358734
2634,2.251458,41.626949
2635,-4.392665,41.190489
2636,2.488286,39.484475
2637,-4.597472,39.675120
2638,-4.169248,43.208626
2639,0.327705,42.050620
2640,-3.373945,42.759934
2641,-5.333195,42.794430
2642,-6.836989,41.984661
2643,-3.544922,42.755170
2644,-4.524844,39.390939
2645,-6.071163,42.516027
2646,1.421444,42.261838
2647,-3.296664,37.299452
2648,-2.826758,40.312809
2649,0.832609,42.396686
2650,-4.500115,41.872074
2651,-1.864960,39.354008
2652,-6.351480,42.346601
2653,-4.353080,42.726792
2654,-3.680885,40.406388
2655,-3.530666,39.178749
2656,-1.161028,40.586081
2657,-0.558096,40.183875
2658,-3.590881,43.503228
2659,1.147879,41.376206
2660,1.821322,41.418903
2661,-3.640097,40.993005
2662,-1.635466,38.133691
2663,-1.068412,39.477504
2664,1.330726,38.932736
2665,-1.674490,41.360251
2666,-6.078467,43.430100
2667,-3.937963,43.123775
2668,-5.900922,40.914863
2669,-5.684152,39.364252
2670,-3.692198,40.621725
2671,-0.130075,41.861124
2672,-5.797476,39.608348
2673,-2.258547,41.061467
2674,-3.657802,40.409962
2675,2.806051,42.017985
2676,-3.335404,37.770817
2677,-2.291742,42.877337
2678,1.382193,41.910762
2679,-0.761883,39.408547
2680,-6.099162,41.433054
2681,-2.771403,41.360756
2682,-6.931373,38.736706
2683,-3.969811,41.054296
2684,-2.800413,42.104928
2685,2.065212,41.621883
2686,-2.610863,38.226085
2687,-1.589052,41.702633
2688,-6.280196,40.433068
2689,-6.510244,41.976804
2690,-1.322209,41.398520
2691,-3.314694,37.192637
2692,1.020840,42.612362
2693,-1.467109,38.344208
2694,-6.112179,38.149812
2695,-2.142454,42.906890
2696,-0.859082,42.641353
2697,-0.212060,39.972266
2698,-5.583495,39.887115
2699,-3.548827,41.115627
2700,-4.045464,41.403610
2701,-1.500445,39.669106
2702,-2.396069,39.897200
2703,-0.824556,39.754061
2704,-1.674551,43.230273
2705,-2.824027,39.003320
2706,-5.813467,36.831457
2707,-0.003320,41.083834
2708,-6.829357,38.363984
2709,-0.726400,39.967950
2710,-3.515140,42.025863
2711,-2.761884,38.776913
2712,-4.867789,42.930374
2713,-1.155868,42.065862
2714,0.460976,41.242012
2715,0.644118,42.533525
2716,-4.960266,42.905909
2717,-5.833471,43.281862
2718,-2.751683,38.730068
2719,-0.995634,40.627986
2720,-4.333811,43.390481
2721,0.631578,41.281650
2722,1.372045,41.782745
2723,-4.248967,43.130120
2724,-8.050203,41.835236
2725,-7.363524,37.506369
2726,-5.180132,39.335939
2727,-4.745619,40.389161
2728,2.241217,42.423096
2729,-3.775815,42.211538
2730,-0.425553,40.222165
2731,2.099826,41.835793
2732,-1.843848,38.102687
2733,-2.306502,41.588134
2734,-5.016830,39.596486
2735,-0.030718,40.262357
2736,0.247896,40.893189
2737,-5.018661,38.638669
2738,-3.030348,39.557145
2739,0.077613,42.605815
2740,-1.723949,39.748259
2741,-5.886039,40.895761
2742,-3.065207,40.589481
2743,-6.246746,40.061872
2744,-4.468901,40.479363
2745,-7.002184,37.471050
2746,-6.601977,38.439166
2747,-7.900739,42.474240
2748,-4.284566,40.625035
2749,-1.754682,40.611343
2750,-0.183099,41.755352
2751,-2.551376,42.913189
2752,-4.946465,41.278042
2753,-2.858201,40.719730
2754,1.999146,41.891978
2755,-3.783734,41.470653
2756,-2.319185,37.541050
2757,-5.634831,40.436891
2758,-7.202149,43.221277
2759,-3.519920,41.248038
2760,-1.381829,40.534073
2761,0.041737,40.288812
2762,-0.857128,39.873463
2763,-0.546469,38.986680
2764,-2.643055,38.194524
2765,-4.265880,37.561877
2766,-0.399376,41.480867
2767,-4.361407,41.831933
2768,-3.584530,40.495498
2769,-2.193226,38.721843
2770,-2.396685,41.269588
2771,0.308112,42.055040
2772,-3.278924,37.962793
2773,-2.378767,38.933287
2774,-5.471453,40.052181
2775,-7.684697,43.040440
2776,-6.995401,42.651742
2777,-1.833299,38.497769
2778,-2.394493,37.683546
2779,-0.977184,40.536693
2780,-3.548504,42.186807
2781,-6.232451,37.306949
2782,-2.154700,42.780376
2783,-2.881745,41.045445
2784,-2.867029,41.330126
2785,-3.739857,38.416268
2786,-1.547829,41.916237
2787,-6.019045,42.357922
2788,-0.851437,37.841007
2789,-3.266222,36.826767
2790,-4.600227,42.592125
2791,-3.262582,39.619338
2792,-5.608131,39.669347
2793,-6.789450,39.489191
2794,-1.532706,37.828306
2795,-3.306114,41.876312
2796,-1.042239,37.857978
2797,-5.955535,37.768012
2798,1.776911,41.938194
2799,1.784818,42.230438
2800,-3.527744,38.283255
2801,-8.634862,35.386594
2802,-1.764143,43.263085
2803,1.132282,41.087119
2804,-1.859749,40.994347
2805,-2.955539,43.409704
2806,-6.461776,37.696980
2807,-6.521734,39.988124
2808,0.425110,40.817405
2809,-5.674200,43.079814
2810,-1.859968,39.305403
2811,-2.272711,40.553040
2812,-0.643262,39.053932
2813,-3.299737,41.469576
2814,-5.599437,36.313824
2815,-5.555087,43.502025
2816,0.892547,41.413969
2817,-5.794153,37.672819
2818,-0.733026,42.456328
2819,-4.574437,37.480475
2820,-1.516244,42.190031
2821,-2.256667,40.495342
2822,-4.949328,40.261226
2823,-6.804297,42.053547
2824,-4.984465,37.741163
2825,-6.075259,41.140429
2826,-4.053237,40.919322
2827,-6.697830,40.914613
2828,-1.632313,39.234493
2829,-2.411203,41.854074
2830,-1.300767,40.497699
2831,-5.829048,43.105115
2832,-0.793898,42.172840
2833,-0.693151,39.385856
2834,-5.005441,41.728281
2835,-3.391342,39.241421
2836,-3.077054,38.827695
2837,-4.883374,41.178389
2838,2.079821,41.612529
2839,-5.884355,42.867167
2840,-7.076260,37.307980
2841,-2.790773,41.985307
2842,-3.400931,42.839009
2843,-5.732495,38.393690
2844,-6.920855,43.128112
2845,-2.612279,37.939283
2846,-6.960654,42.624552
2847,-3.492556,41.811013
2848,-1.270254,38.710862
2849,-7.788721,43.718965
2850,-6.395582,40.102357
2851,-0.677972,39.916934
2852,-4.216320,38.657762
2853,2.063678,41.655354
2854,-3.996681,37.485318
2855,-5.688288,41.174334
2856,-3.412044,42.735010
2857,-5.888504,41.142219
2858,-5.802966,37.155905
2859,-2.338986,39.804227
2860,-2.454289,41.073816
2861,-7.833089,42.562441
2862,-3.075792,39.630559
2863,-5.012034,40.044644
2864,-0.760327,41.035710
2865,0.341460,42.346038
2866,-3.357464,38.093654
2867,-5.363262,42.697921
2868,-3.277309,42.869210
2869,-6.539058,39.761674
2870,-2.880608,37.351885
2871,-6.322345,41.082251
2872,-3.688749,40.586287
2873,-7.260175,38.655791
2874,-2.857347,42.626517
2875,-6.468713,37.949236
2876,-0.526507,39.435873
2877,-5.575880,40.541437
2878,-6.121925,40.612007
2879,3.130995,39.694406
2880,0.169457,42.326154
2881,-0.117109,42.197475
2882,-2.563008,36.953898
2883,0.489065,41.582004
2884,-2.978313,40.394786
2885,-7.179982,38.418491
2886,-5.117858,39.205940
2887,-7.056086,42.070365
2888,-8.367801,35.455969
2889,-8.377475,43.244521
2890,-3.832900,42.439606
2891,-2.215853,40.531871
2892,-2.586495,42.355759
2893,-1.496472,38.245464
2894,-1.318272,39.564439
2895,-1.913715,41.705217
2896,-1.983345,40.220424
2897,-2.980143,42.820042
2898,-5.762147,42.349659
2899,-0.998533,39.498829
2900,-7.121331,38.653152
2901,-7.451798,42.653040
2902,-2.746957,39.027013
2903,-1.536805,39.465547
2904,-5.793934,40.871658
2905,-6.525324,43.530735
2906,-3.811038,41.129846
2907,-3.302591,37.725340
2908,-0.269590,42.570460
2909,-1.773997,40.370589
2910,-5.496493,41.373070
2911,-5.939400,37.798228
2912,-0.775583,39.774253
2913,-1.863367,39.753556
2914,-11.584946,34.512273
2915,0.416339,40.806807
2916,-6.600485,40.734602
2917,-5.112061,41.142288
2918,-1.259375,38.569988
2919,-1.715582,41.228977
2920,3.140125,39.540116
2921,-6.682174,40.777799
2922,-2.685106,42.502952
2923,0.677614,40.929627
2924,-6.962879,37.689591
2925,2.774105,41.931860
2926,-3.321637,41.454547
2927,-8.265233,42.810050
2928,-9.043901,42.932553
2929,-3.870597,41.700267
2930,-5.548218,38.011943
2931,-6.338372,41.119953
2932,-4.119915,40.912484
2933,-2.030052,38.303627
2934,-2.316352,42.175012
2935,-6.069244,42.279383
2936,-2.146981,42.745330
2937,-2.740209,41.767298
2938,-5.665377,41.177980
2939,-7.396721,42.573716
2940,-0.482968,39.978467
2941,-5.785990,40.051751
2942,-5.057392,39.407447
2943,-3.091763,40.223215
2944,-5.735243,37.102408
2945,-4.509904,42.773565
2946,-0.516050,40.778935
2947,-1.470923,37.971365
2948,-6.073317,37.679172
2949,-2.154095,42.636877
2950,1.782151,41.607408
2951,-3.112513,36.977480
2952,-0.436376,38.487049
2953,-0.023472,41.028571
2954,-2.625773,37.973977
2955,-1.520131,39.115692
2956,-4.983061,37.622821
2957,-3.553702,40.410461
2958,-6.064754,42.095996
2959,-3.384357,39.080543
2960,0.075102,42.374316
2961,2.097145,41.515165
2962,-0.256711,38.579359
2963,-0.301631,40.125638
2964,-5.791137,40.004594
2965,-3.700107,38.112405
2966,-0.753697,40.727991
2967,-3.043104,41.087892
2968,-1.123340,38.500342
2969,-1.856075,38.730371
2970,-4.082917,42.391856
2971,-3.055314,39.833132
2972,-5.150132,40.521841
2973,-6.868443,43.088823
2974,-3.450746,37.101039
2975,-5.505832,41.977141
2976,-8.420093,42.320088
2977,-3.385230,41.688846
2978,2.114403,41.397253
2979,-2.455880,40.232525
2980,-0.782238,41.564561
2981,-7.766503,43.622202
2982,-6.213915,42.639777
2983,-2.730743,41.477570
2984,-3.502717,39.245059
2985,-5.650590,38.659285
2986,-4.774707,42.665941
2987,-4.859824,36.601472
2988,-6.380920,39.153082
2989,-3.824222,41.281720
2990,-6.349387,42.545407
2991,-4.618129,43.116066
2992,-7.767432,42.228715
2993,-4.437659,40.435299
2994,-5.224401,40.299160
2995,-1.919584,37.033957
2996,0.478767,42.213159
2997,-2.806479,41.323172
2998,0.775182,40.753468
2999,-6.908971,40.085356
